Sequence,miRNAName,CACO2
UAGCUUAUCAGACUGAUGUUGA,hsa-mir-21-5p,2347
UAACACUGUCUGGUAACGAUGU,hsa-mir-200a-5p,173
UAAUACUGCCGGGUAAUGAUGG,hsa-mir-200c-5p,267
UGAGAUGAAGCACUGUAGCUCA,hsa-mir-143-5p,0
UAAUACUGCCUGGUAAUGAUGAC,hsa-mir-200b-5p,144
UUCACAGUGGCUAAGUUCCGC,hsa-mir-27a-5p,50
UGGCUCAGUUCAGCAGGAACAG,hsa-mir-24-5p,70
UUCAAGUAAUCCAGGAUAGGC,hsa-mir-26a-5p,76
GUCCAGUUUUCCCAGGAAUCCCUU,hsa-mir-145-5p,0
UACAGUACUGUGAUAACUGAAG,hsa-mir-101-5p,24
UGUAACAGCAACUCCAUGUGGA,hsa-mir-194-5p,222
CUGACCUAUGAAUUGACAGCC,hsa-mir-192-5p,154
AAACCGUUACCAUUACUGAGUUU,hsa-mir-451-5p,0
AAGCUGCCAGUUGAAGAACUGU,hsa-mir-22-5p,165
AGCAGCAUUGUACAGGGCUAUGA,hsa-mir-103-5p,238
UAGCAGCACGUAAAUAUUGGCG,hsa-mir-16-5p,56
CAUUGCACUUGUCUCGGUCUGA,hsa-mir-25-5p,103
UAACACUGUCUGGUAAAGAUGG,hsa-mir-141-5p,99
UAGCACCAUUUGAAAUCAGUGUU,hsa-mir-29b-5p,17
UGUAAACAUCCUUGACUGGA,hsa-mir-30e-5p,30
UGUAGUGUUUCCUACUUUAUGGA,hsa-mir-142-3p,2
CAACGGAAUCCCAAAAGCAGCU,hsa-mir-191-5p,37
AACUGGCCUACAAAGUCCCAG,hsa-mir-193a-5p,164
UACAGUAUAGAUGAUGUACUAG,hsa-mir-144-5p,0
AGCUACAUCUGGCUACUGGGUCUC,hsa-mir-222-5p,22
UGUGCAAAUCCAUGCAAAACUGA,hsa-mir-19b-5p,29
UGUAAACAUCCCCGACUGGAAG,hsa-mir-30d-5p,141
GGCAAGAUGCUGGCAUAGCUG,hsa-mir-31-5p,5
UGUAAACAUCCUCGACUGGAAG,hsa-mir-30a-5p,5
AUCACAUUGCCAGGGAUUUCC,hsa-mir-23a-5p,35
UGAGGUAGUAGUUUGUACAGU,hsa-let-7g-5p,9
UAGCACCAUCUGAAAUCGGUU,hsa-mir-29a-5p,3
UUCACAGUGGCUAAGUUCUGC,hsa-mir-27b-5p,21
UGAGGUAGUAGAUUGUAUAGUU,hsa-let-7f-5p,3
UUAUAAUACAACCUGAUAAGUG,hsa-mir-374a-5p,26
UAAGGUGCAUCUAGUGCAGAUA,hsa-mir-18a-5p,100
UGAGGUAGUAGGUUGUAUAGUU,hsa-let-7a-5p,3
UCAAGAGCAAUAACGAAAAAUGU,hsa-mir-335-5p,40
UAUUGCACUUGUCCCGGCCUGU,hsa-mir-92a-5p,93
UAAAGUGCUGACAGUGCAGAU,hsa-mir-106b-5p,48
UAGCAGCACAUAAUGGUUUGUG,hsa-mir-15a-5p,61
GUGCAUUGUAGUUGCAUUG,hsa-mir-33-5p,46
AAAGUGCUGCGACAUUUGAGCGU,hsa-mir-372-5p,265
AUCACAUUGCCAGGGAUUACC,hsa-mir-23b-5p,41
GAAGUGCUUCGAUUUUGGGGUGU,hsa-mir-373-5p,247
UGUAAACAUCCUACACUCAGCU,hsa-mir-30b-5p,83
UCGUACCGUGAGUAAUAAUGC,hsa-mir-126-5p,3
UGUGCAAAUCUAUGCAAAACUGA,hsa-mir-19a-5p,19
UGUAAACAUCCUACACUCUCAGC,hsa-mir-30c-5p,14
UUCAAGUAAUUCAGGAUAGGUU,hsa-mir-26b-5p,17
UAUUGCACAUUACUAAGUUGC,hsa-mir-32-5p,32
UCCCUGAGACCCUAACUUGUGA,hsa-mir-125b-5p,0
AGCUACAUUGUCUGCUGGGUUUC,hsa-mir-221-5p,10
AGCAGCAUUGUACAGGGCUAUCA,hsa-mir-107-5p,40
UAGCACCAUUUGAAAUCGGU,hsa-mir-29c-5p,7
UACCCUGUAGAUCCGAAUUUGUG,hsa-mir-10a-5p,4
AACAUUCAACGCUGUCGGUGAGU,hsa-mir-181a-5p,16
CAAAGUGCUUACAGUGCAGGUAGU,hsa-mir-17-5p,32
UGAGGUAGUAGGUUGUGUGGUU,hsa-let-7b-5p,0
UAAAGUGCUUAUAGUGCAGGUAG,hsa-mir-20a-5p,32
ACUGCAGUGAAGGCACUUGU,hsa-mir-17-3p,34
UAGCAGCACAGAAAUAUUGGC,hsa-mir-195-5p,0
UGGAAUGUAAAGAAGUAUGUA,hsa-mir-1-5p,0
CAGUGCAAUGAUGAAAGGGCAU,hsa-mir-130b-5p,8
UUGUGCUUGAUCUAACCAUGU,hsa-mir-218-5p,4
CAGUGCAAUGUUAAAAGGGCAU,hsa-mir-130a-5p,1
AAAGUGCUGUUCGUGCAGGUAG,hsa-mir-93-5p,28
UUUGGCAAUGGUAGAACUCACA,hsa-mir-182-5p,32
CUGUGCGUGUGACAGCGGCUGA,hsa-mir-210-5p,1
UCUCCCAACCCUUGUACCAGUG,hsa-mir-150-5p,0
UAGCAGCACAUCAUGGUUUACA,hsa-mir-15b-5p,14
UGAGGUAGUAGUUUGUGCUGU,hsa-let-7i-5p,1
AAAAGCUGGGUUGAGAGGGCGAA,hsa-mir-320-5p,7
CAGCAGCAAUUCAUGUUUUGAA,hsa-mir-424-5p,5
CAGUGCAAUAGUAUUGUCAAAGC,hsa-mir-301-5p,18
CAUAAAGUAGAAAGCACUAC,hsa-mir-142-5p,0
UAAUACUGUCUGGUAAAACCGU,hsa-mir-429-5p,4
UUUGGCACUAGCACAUUUUUGC,hsa-mir-96-5p,5
ACUAGACUGAAGCUCCUUGAGG,hsa-mir-151-5p,9
UUUGUUCGUUCGGCUCGCGUGA,hsa-mir-375-5p,2
UCUUUGGUUAUCUAGCUGUAUGA,hsa-mir-9-5p,10
GUGCCGCCAUCUUUUGAGUGU,hsa-mir-371-5p,58
AUGACCUAUGAAUUGACAGAC,hsa-mir-215-5p,19
AACCCGUAGAUCCGAACUUGUG,hsa-mir-100-5p,0
UUGGUCCCCUUCAACCAGCUGU,hsa-mir-133a-5p,0
AAGGAGCUCACAGUCUAUUGAG,hsa-mir-28-5p,12
CUUUCAGUCGGAUGUUUACAGC,hsa-mir-30e-3p,2
GUGAAAUGUUUAGGACCACUAG,hsa-mir-203-5p,5
AGAGGUAGUAGGUUGCAUAGU,hsa-let-7d-5p,1
UUCAACGGGUAUUUAUUGAGCA,hsa-mir-95-5p,0
AGUGGUUUUACCCUAUGGUAG,hsa-mir-140-5p,0
UAGGUAGUUUCCUGUUGUUGG,hsa-mir-196b-5p,1
UCCAGCAUCAGUGAUUUUGUUGA,hsa-mir-338-5p,20
UAAUGCCCCUAAAAAUCCUUAU,hsa-mir-365-5p,1
CAAAGAAUUCUCCUUUUGGGCUU,hsa-mir-186-5p,7
UCUCACACAGAAAUCGCACCCGUC,hsa-mir-342-5p,2
CCCAGUGUUCAGACUACCUGUUC,hsa-mir-199a-5p,0
AACAUUCAUUGCUGUCGGUGGG,hsa-mir-181b-5p,11
ACAGCAGGCACAGACAGGCAG,hsa-mir-214-5p,0
CACCCGUAGAACCGACCUUGCG,hsa-mir-99b-5p,3
UCAGUGCACUACAGAACUUUGU,hsa-mir-148a-5p,4
CAGCAGCACACUGUGGUUUGU,hsa-mir-497-5p,0
GCCCCUGGGCCUAUCCUAGAA,hsa-mir-331-5p,2
UGGAAGACUAGUGAUUUUGUUG,hsa-mir-7-5p,1
UGGCAGUGUCUUAGCUGGUUGUU,hsa-mir-34a-5p,2
UUAAUGCUAAUCGUGAUAGGGG,hsa-mir-155-5p,4
UCACAGUGAACCGGUCUCUUUC,hsa-mir-128b-5p,7
UCACAGUGAACCGGUCUCUUU,hsa-mir-128a-5p,14
UAUGGCUUUUCAUUCCUAUGUG,hsa-mir-135b-5p,3
UCAGUGCAUGACAGAACUUGGG,hsa-mir-152-5p,0
UGAGGUAGUAAGUUGUAUUGUU,hsa-mir-98-5p,0
UUUUUGCGAUGUGUUCCUAAUA,hsa-mir-450-5p,0
UCUGGCUCCGUGUCUUCACUCC,hsa-mir-149-5p,2
GCAAAGCACACGGCCUGCAGAGA,hsa-mir-330-5p,0
UGAGGUAGUAGGUUGUAUGGUU,hsa-let-7c-5p,0
AACUGGCCCUCAAAGUCCCGCUUU,hsa-mir-193b-5p,2
UGUCAGUUUGUCAAAUACCCC,hsa-mir-223-5p,0
UGAGGUAGGAGGUUGUAUAGU,hsa-let-7e-5p,1
UCCCUGAGACCCUUUAACCUGUG,hsa-mir-125a-5p,1
ACUCCAUUUGUUUUGAUGAUGGA,hsa-mir-136-5p,0
UAUGGCACUGGUAGAAUUCACUG,hsa-mir-183-5p,2
UUCACCACCUUCUCCACCCAGC,hsa-mir-197-5p,1
AUUGCACGGUAUCCAUCUGUAA,hsa-mir-363-5p,0
UCUACAGUGCACGUGUCU,hsa-mir-139-5p,1
AAAAGUGCUUACAGUGCAGGUAGC,hsa-mir-106a-5p,2
UGGAGAGAAAGGCAGUUC,hsa-mir-185-5p,3
AACAUUCAACCUGUCGGUGAGU,hsa-mir-181c-5p,0
CAUCCCUUGCAUGGUGGAGGGU,hsa-mir-188-5p,7
UAAGGUGCAUCUAGUGCAGUUA,hsa-mir-18b-5p,0
UAAGUGCUUCCAUGUUUUAGUAG,hsa-mir-302b-5p,12
CCCAGUGUUUAGACUAUCUGUUC,hsa-mir-199b-5p,0
UUAAGACUUGCAGUGAUGUUUAA,hsa-mir-499-5p,0
CGAAUGUUGCUCGGUGAACCCCU,hsa-mir-409-3p,0
AUCGGGAAUGUCGUGUCCGCC,hsa-mir-425-5p,5
UUGCAUAGUCACAAAAGUGA,hsa-mir-153-5p,0
UCCUUCAUUCCACCGGAGUCUG,hsa-mir-205-5p,5
UGAUUGUCCAAACGCAAUUCU,hsa-mir-219-5p,1
CGCAUCCCCUAGGGCAUUGGUGU,hsa-mir-324-5p,0
UCCCUGUCCUCCAGGAGCUCA,hsa-mir-339-5p,1
AGCUGGUGUUGUGAAUC,hsa-mir-138-5p,2
UGAGAACUGAAUUCCAUGGGUU,hsa-mir-146a-5p,0
AGCUCGGUCUGAGGCCCCUCAG,hsa-mir-423-5p,4
GUCAACACUUGCUGGUUUCCUC,hsa-mir-505-5p,2
AACCCGUAGAUCCGAUCUUGUG,hsa-mir-99a-5p,1
AAUCCUUGGAACCUAGGUGUGAG,hsa-mir-362-5p,2
GCACAUUACACGGUCGACCUCU,hsa-mir-323-5p,0
UUAUCAGAAUCUCCAGGGGUAC,hsa-mir-361-5p,1
UACCCUGUAGAACCGAAUUUGU,hsa-mir-10b-5p,0
UAGGUUAUCCGUGUUGCCUUCG,hsa-mir-154-5p,0
UAGGUAGUUUCAUGUUGUUGG,hsa-mir-196a-5p,1
CCACUGCCCCAGGUGCUGCUGG,hsa-mir-324-3p,0
AACAUUCAUUGUUGUCGGUGGGUU,hsa-mir-181d-5p,0
AAUAUAACACAGAUGGCCUGUU,hsa-mir-410-5p,0
CUGGACUUGGAGUCAGAAGGCC,hsa-mir-422b-5p,2
UGAUAUGUUUGAUAUAUUAGGU,hsa-mir-190-5p,0
CUCCUGACUCCAGGUCCUGUGU,hsa-mir-378-5p,0
AAUUGCACUUUAGCAAUGGUGA,hsa-mir-367-5p,4
UGAGAACUGAAUUCCAUAGGCU,hsa-mir-146b-5p,1
UAACAGUCUACAGCCAUGGUCG,hsa-mir-132-5p,0
AUCACACAAAGGCAACUUUUGU,hsa-mir-377-5p,0
UUAAGGCACGCGGUGAAUGCC,hsa-mir-124-5p,0
UAUGUGGGAUGGUAAACCGCUU,hsa-mir-299-3p,0
UGUUUGCAGAGGAAACUGAGAC,hsa-mir-452-5p,2
AAUCCUUUGUCCCUGGGUGAGA,hsa-mir-501-5p,2
AUUGACACUUCUGUGAGUAG,hsa-mir-514-5p,0
ACCAUCGACCGUUGAUUGUACC,hsa-mir-213-5p,0
UGCUGACUCCUAGUCCAGGGC,hsa-mir-345-5p,1
UAUACAAGGGCAAGCUCUCUGU,hsa-mir-381-5p,0
CAAGUCACUAGUGGUUCCGUUUA,hsa-mir-224-5p,1
AGGGCCCCCCCUCAAUCCUGU,hsa-mir-296-5p,2
UAAGUGCUUCCAUGUUUUGGUGA,hsa-mir-302a-5p,2
UAAGUGCUUCCAUGUUUCAGUGG,hsa-mir-302c-5p,2
UAAGUGCUUCCAUGUUUGAGUGU,hsa-mir-302d-5p,2
UAUGGCUUUUUAUUCCUAUGUGA,hsa-mir-135a-5p,0
CUUUCAGUCGGAUGUUUGCAGC,hsa-mir-30a-3p,0
CAAAGUGCUCAUAGUGCAGGUAG,hsa-mir-20b-5p,0
AAACAAACAUGGUGCACUUCUUU,hsa-mir-495-5p,0
UCAGUGCAUCACAGAACUUUGU,hsa-mir-148b-5p,1
UGGACGGAGAACUGAUAAGGGU,hsa-mir-184-5p,1
UUCCCUUUGUCAUCCUAUGCCU,hsa-mir-204-5p,0
UGGUUUACCGUCCCACAUACAU,hsa-mir-299-5p,0
CCUCUGGGCCCUUCCUCCAG,hsa-mir-326-5p,0
AGGCAGUGUAGUUAGCUGAUUGC,hsa-mir-34c-5p,0
UGGUAGACUAUGGAACGUA,hsa-mir-379-5p,0
GAAGUUGUUCGUGGUGGAUUCG,hsa-mir-382-5p,0
UGGCAGUGUAUUGUUAGCUGGU,hsa-mir-449-5p,0
CACUCAGCCUUGAGGGCACUUUC,hsa-mir-512-1-5p,1
CACUCAGCCUUGAGGGCACUUUC,hsa-mir-512-2-5p,1
UGAAACAUACACGGGAAACCUCUU,hsa-mir-494-5p,0
UUUCAAGCCAGGGGGCGUUUUUC,hsa-mir-498-5p,1
AUCCUUGCUAUCUGGGUGCUA,hsa-mir-502-5p,1
UUUUGCACCUUUUGGAGUGAA,hsa-mir-507-5p,0
AUCGUGCAUCCCUUUAGAGUGUU,hsa-mir-517a-5p,1
AUCGUGCAUCCUUUUAGAGUGU,hsa-mir-517c-5p,1
CAAAGCGCUCCCCUUUAGAGGU,hsa-mir-518b-5p,0
AAAGUGCUUCUCUUUGGUGGGUU,hsa-mir-520d-5p,0
ACAAAGUGCUUCCCUUUAGAGUGU,hsa-mir-520g-5p,0
ACAAAGUGCUUCCCUUUAGAGU,hsa-mir-520h-5p,0
AACGCACUUCCCUUUAGAGUGU,hsa-mir-521-5p,0
CUCCAGAGGGAUGCACUUUCU,hsa-mir-525-5p,1
