Sequence,miRNAName,CACO2,N308,N309
UGAGGUAGUAGGUUGUAUAGUU,hsa-let-7a-5p,3,43,95
UGAGGUAGUAGGUUGUGUGGUU,hsa-let-7b-5p,0,32,59
UGAGGUAGUAGGUUGUAUGGUU,hsa-let-7c-5p,0,5,10
AGAGGUAGUAGGUUGCAUAGU,hsa-let-7d-5p,1,8,5
UGAGGUAGGAGGUUGUAUAGU,hsa-let-7e-5p,1,4,2
UGAGGUAGUAGAUUGUAUAGUU,hsa-let-7f-5p,3,67,106
UGAGGUAGUAGUUUGUACAGU,hsa-let-7g-5p,9,82,102
UGAGGUAGUAGUUUGUGCUGU,hsa-let-7i-5p,1,10,12
UGGAAUGUAAAGAAGUAUGUA,hsa-mir-1-5p,0,27,95
AACCCGUAGAUCCGAACUUGUG,hsa-mir-100-5p,0,2,6
UACAGUACUGUGAUAACUGAAG,hsa-mir-101-5p,24,179,289
AGCAGCAUUGUACAGGGCUAUGA,hsa-mir-103-5p,238,44,58
AAAAGUGCUUACAGUGCAGGUAGC,hsa-mir-106a-5p,2,2,4
UAAAGUGCUGACAGUGCAGAU,hsa-mir-106b-5p,48,9,7
AGCAGCAUUGUACAGGGCUAUCA,hsa-mir-107-5p,40,17,22
UACCCUGUAGAUCCGAAUUUGUG,hsa-mir-10a-5p,4,10,14
UACCCUGUAGAACCGAAUUUGU,hsa-mir-10b-5p,0,4,0
UCCCUGAGACCCUUUAACCUGUG,hsa-mir-125a-5p,1,3,7
UCCCUGAGACCCUAACUUGUGA,hsa-mir-125b-5p,0,33,65
UCGUACCGUGAGUAAUAAUGC,hsa-mir-126-5p,3,61,82
UCACAGUGAACCGGUCUCUUU,hsa-mir-128a-5p,14,0,2
UCACAGUGAACCGGUCUCUUUC,hsa-mir-128b-5p,7,0,2
CAGUGCAAUGUUAAAAGGGCAU,hsa-mir-130a-5p,1,11,30
CAGUGCAAUGAUGAAAGGGCAU,hsa-mir-130b-5p,8,3,1
UAACAGUCUACAGCCAUGGUCG,hsa-mir-132-5p,0,2,0
UUGGUCCCCUUCAACCAGCUGU,hsa-mir-133a-5p,0,14,34
UAUGGCUUUUUAUUCCUAUGUGA,hsa-mir-135a-5p,0,1,0
UAUGGCUUUUCAUUCCUAUGUG,hsa-mir-135b-5p,3,0,0
ACUCCAUUUGUUUUGAUGAUGGA,hsa-mir-136-5p,0,4,9
AGCUGGUGUUGUGAAUC,hsa-mir-138-5p,2,2,0
UCUACAGUGCACGUGUCU,hsa-mir-139-5p,1,4,2
AGUGGUUUUACCCUAUGGUAG,hsa-mir-140-5p,0,12,8
UAACACUGUCUGGUAAAGAUGG,hsa-mir-141-5p,99,69,59
UGUAGUGUUUCCUACUUUAUGGA,hsa-mir-142-3p,2,170,201
CAUAAAGUAGAAAGCACUAC,hsa-mir-142-5p,0,10,27
UGAGAUGAAGCACUGUAGCUCA,hsa-mir-143-5p,0,724,1823
UACAGUAUAGAUGAUGUACUAG,hsa-mir-144-5p,0,173,219
GUCCAGUUUUCCCAGGAAUCCCUU,hsa-mir-145-5p,0,367,878
UGAGAACUGAAUUCCAUGGGUU,hsa-mir-146a-5p,0,1,5
UGAGAACUGAAUUCCAUAGGCU,hsa-mir-146b-5p,1,1,2
UCAGUGCACUACAGAACUUUGU,hsa-mir-148a-5p,4,2,8
UCAGUGCAUCACAGAACUUUGU,hsa-mir-148b-5p,1,0,0
UCUGGCUCCGUGUCUUCACUCC,hsa-mir-149-5p,2,0,0
UCUCCCAACCCUUGUACCAGUG,hsa-mir-150-5p,0,41,26
ACUAGACUGAAGCUCCUUGAGG,hsa-mir-151-5p,9,0,2
UCAGUGCAUGACAGAACUUGGG,hsa-mir-152-5p,0,7,3
UUGCAUAGUCACAAAAGUGA,hsa-mir-153-5p,0,1,1
UAGGUUAUCCGUGUUGCCUUCG,hsa-mir-154-5p,0,1,3
UUAAUGCUAAUCGUGAUAGGGG,hsa-mir-155-5p,4,9,9
UAGCAGCACAUAAUGGUUUGUG,hsa-mir-15a-5p,61,42,51
UAGCAGCACAUCAUGGUUUACA,hsa-mir-15b-5p,14,9,11
UAGCAGCACGUAAAUAUUGGCG,hsa-mir-16-5p,56,81,114
ACUGCAGUGAAGGCACUUGU,hsa-mir-17-3p,34,7,11
CAAAGUGCUUACAGUGCAGGUAGU,hsa-mir-17-5p,32,9,11
AACAUUCAACGCUGUCGGUGAGU,hsa-mir-181a-5p,16,26,36
AACAUUCAUUGCUGUCGGUGGG,hsa-mir-181b-5p,11,3,3
AACAUUCAACCUGUCGGUGAGU,hsa-mir-181c-5p,0,1,4
AACAUUCAUUGUUGUCGGUGGGUU,hsa-mir-181d-5p,0,0,1
UUUGGCAAUGGUAGAACUCACA,hsa-mir-182-5p,32,1,0
UAUGGCACUGGUAGAAUUCACUG,hsa-mir-183-5p,2,0,0
UGGACGGAGAACUGAUAAGGGU,hsa-mir-184-5p,1,0,0
UGGAGAGAAAGGCAGUUC,hsa-mir-185-5p,3,1,0
CAAAGAAUUCUCCUUUUGGGCUU,hsa-mir-186-5p,7,1,1
CAUCCCUUGCAUGGUGGAGGGU,hsa-mir-188-5p,7,0,0
UAAGGUGCAUCUAGUGCAGAUA,hsa-mir-18a-5p,100,13,9
UAAGGUGCAUCUAGUGCAGUUA,hsa-mir-18b-5p,0,0,1
UGAUAUGUUUGAUAUAUUAGGU,hsa-mir-190-5p,0,4,0
CAACGGAAUCCCAAAAGCAGCU,hsa-mir-191-5p,37,47,73
CUGACCUAUGAAUUGACAGCC,hsa-mir-192-5p,154,296,205
AACUGGCCUACAAAGUCCCAG,hsa-mir-193a-5p,164,77,225
AACUGGCCCUCAAAGUCCCGCUUU,hsa-mir-193b-5p,2,1,3
UGUAACAGCAACUCCAUGUGGA,hsa-mir-194-5p,222,320,253
UAGCAGCACAGAAAUAUUGGC,hsa-mir-195-5p,0,31,87
UAGGUAGUUUCAUGUUGUUGG,hsa-mir-196a-5p,1,1,1
UAGGUAGUUUCCUGUUGUUGG,hsa-mir-196b-5p,1,7,7
UUCACCACCUUCUCCACCCAGC,hsa-mir-197-5p,1,1,4
CCCAGUGUUCAGACUACCUGUUC,hsa-mir-199a-5p,0,12,12
CCCAGUGUUUAGACUAUCUGUUC,hsa-mir-199b-5p,0,3,5
UGUGCAAAUCUAUGCAAAACUGA,hsa-mir-19a-5p,19,11,25
UGUGCAAAUCCAUGCAAAACUGA,hsa-mir-19b-5p,29,42,80
UAACACUGUCUGGUAACGAUGU,hsa-mir-200a-5p,173,1050,719
UAAUACUGCCUGGUAAUGAUGAC,hsa-mir-200b-5p,144,582,329
UAAUACUGCCGGGUAAUGAUGG,hsa-mir-200c-5p,267,612,470
GUGAAAUGUUUAGGACCACUAG,hsa-mir-203-5p,5,8,10
UUCCCUUUGUCAUCCUAUGCCU,hsa-mir-204-5p,0,0,1
UCCUUCAUUCCACCGGAGUCUG,hsa-mir-205-5p,5,0,0
UAAAGUGCUUAUAGUGCAGGUAG,hsa-mir-20a-5p,32,12,13
CAAAGUGCUCAUAGUGCAGGUAG,hsa-mir-20b-5p,0,0,2
UAGCUUAUCAGACUGAUGUUGA,hsa-mir-21-5p,2347,1177,1306
CUGUGCGUGUGACAGCGGCUGA,hsa-mir-210-5p,1,9,5
ACCAUCGACCGUUGAUUGUACC,hsa-mir-213-5p,0,0,0
ACAGCAGGCACAGACAGGCAG,hsa-mir-214-5p,0,9,11
AUGACCUAUGAAUUGACAGAC,hsa-mir-215-5p,19,16,13
UUGUGCUUGAUCUAACCAUGU,hsa-mir-218-5p,4,43,53
UGAUUGUCCAAACGCAAUUCU,hsa-mir-219-5p,1,0,1
AAGCUGCCAGUUGAAGAACUGU,hsa-mir-22-5p,165,128,178
AGCUACAUUGUCUGCUGGGUUUC,hsa-mir-221-5p,10,10,9
AGCUACAUCUGGCUACUGGGUCUC,hsa-mir-222-5p,22,21,17
UGUCAGUUUGUCAAAUACCCC,hsa-mir-223-5p,0,2,6
CAAGUCACUAGUGGUUCCGUUUA,hsa-mir-224-5p,1,0,0
AUCACAUUGCCAGGGAUUUCC,hsa-mir-23a-5p,35,9,15
AUCACAUUGCCAGGGAUUACC,hsa-mir-23b-5p,41,29,74
UGGCUCAGUUCAGCAGGAACAG,hsa-mir-24-5p,70,202,445
CAUUGCACUUGUCUCGGUCUGA,hsa-mir-25-5p,103,9,13
UUCAAGUAAUCCAGGAUAGGC,hsa-mir-26a-5p,76,304,564
UUCAAGUAAUUCAGGAUAGGUU,hsa-mir-26b-5p,17,37,82
UUCACAGUGGCUAAGUUCCGC,hsa-mir-27a-5p,50,138,426
UUCACAGUGGCUAAGUUCUGC,hsa-mir-27b-5p,21,66,153
AAGGAGCUCACAGUCUAUUGAG,hsa-mir-28-5p,12,9,12
AGGGCCCCCCCUCAAUCCUGU,hsa-mir-296-5p,2,0,0
UAUGUGGGAUGGUAAACCGCUU,hsa-mir-299-3p,0,0,2
UGGUUUACCGUCCCACAUACAU,hsa-mir-299-5p,0,0,1
UAGCACCAUCUGAAAUCGGUU,hsa-mir-29a-5p,3,44,64
UAGCACCAUUUGAAAUCAGUGUU,hsa-mir-29b-5p,17,66,101
UAGCACCAUUUGAAAUCGGU,hsa-mir-29c-5p,7,60,84
CAGUGCAAUAGUAUUGUCAAAGC,hsa-mir-301-5p,18,5,3
UAAGUGCUUCCAUGUUUUGGUGA,hsa-mir-302a-5p,2,0,0
UAAGUGCUUCCAUGUUUUAGUAG,hsa-mir-302b-5p,12,0,0
UAAGUGCUUCCAUGUUUCAGUGG,hsa-mir-302c-5p,2,0,0
UAAGUGCUUCCAUGUUUGAGUGU,hsa-mir-302d-5p,2,0,0
CUUUCAGUCGGAUGUUUGCAGC,hsa-mir-30a-3p,0,0,1
UGUAAACAUCCUCGACUGGAAG,hsa-mir-30a-5p,5,152,227
UGUAAACAUCCUACACUCAGCU,hsa-mir-30b-5p,83,22,43
UGUAAACAUCCUACACUCUCAGC,hsa-mir-30c-5p,14,43,64
UGUAAACAUCCCCGACUGGAAG,hsa-mir-30d-5p,141,38,85
CUUUCAGUCGGAUGUUUACAGC,hsa-mir-30e-3p,2,3,3
UGUAAACAUCCUUGACUGGA,hsa-mir-30e-5p,30,125,180
GGCAAGAUGCUGGCAUAGCUG,hsa-mir-31-5p,5,0,0
UAUUGCACAUUACUAAGUUGC,hsa-mir-32-5p,32,14,9
AAAAGCUGGGUUGAGAGGGCGAA,hsa-mir-320-5p,7,7,3
GCACAUUACACGGUCGACCUCU,hsa-mir-323-5p,0,1,4
CCACUGCCCCAGGUGCUGCUGG,hsa-mir-324-3p,0,1,0
CGCAUCCCCUAGGGCAUUGGUGU,hsa-mir-324-5p,0,0,6
CCUCUGGGCCCUUCCUCCAG,hsa-mir-326-5p,0,0,0
GUGCAUUGUAGUUGCAUUG,hsa-mir-33-5p,46,5,10
GCAAAGCACACGGCCUGCAGAGA,hsa-mir-330-5p,0,0,2
GCCCCUGGGCCUAUCCUAGAA,hsa-mir-331-5p,2,3,5
UCAAGAGCAAUAACGAAAAAUGU,hsa-mir-335-5p,40,80,43
UCCAGCAUCAGUGAUUUUGUUGA,hsa-mir-338-5p,20,3,8
UCCCUGUCCUCCAGGAGCUCA,hsa-mir-339-5p,1,0,0
UCUCACACAGAAAUCGCACCCGUC,hsa-mir-342-5p,2,11,14
UGCUGACUCCUAGUCCAGGGC,hsa-mir-345-5p,1,0,0
UGGCAGUGUCUUAGCUGGUUGUU,hsa-mir-34a-5p,2,5,7
AGGCAGUGUAGUUAGCUGAUUGC,hsa-mir-34c-5p,0,0,1
UUAUCAGAAUCUCCAGGGGUAC,hsa-mir-361-5p,1,0,2
AAUCCUUGGAACCUAGGUGUGAG,hsa-mir-362-5p,2,0,0
AUUGCACGGUAUCCAUCUGUAA,hsa-mir-363-5p,0,5,9
UAAUGCCCCUAAAAAUCCUUAU,hsa-mir-365-5p,1,6,16
AAUUGCACUUUAGCAAUGGUGA,hsa-mir-367-5p,4,0,0
GUGCCGCCAUCUUUUGAGUGU,hsa-mir-371-5p,58,0,0
AAAGUGCUGCGACAUUUGAGCGU,hsa-mir-372-5p,265,0,0
GAAGUGCUUCGAUUUUGGGGUGU,hsa-mir-373-5p,247,0,0
UUAUAAUACAACCUGAUAAGUG,hsa-mir-374a-5p,26,53,108
UUUGUUCGUUCGGCUCGCGUGA,hsa-mir-375-5p,2,16,29
AUCACACAAAGGCAACUUUUGU,hsa-mir-377-5p,0,1,1
CUCCUGACUCCAGGUCCUGUGU,hsa-mir-378-5p,0,0,4
UGGUAGACUAUGGAACGUA,hsa-mir-379-5p,0,0,0
UAUACAAGGGCAAGCUCUCUGU,hsa-mir-381-5p,0,2,0
GAAGUUGUUCGUGGUGGAUUCG,hsa-mir-382-5p,0,0,0
CGAAUGUUGCUCGGUGAACCCCU,hsa-mir-409-3p,0,3,3
AAUAUAACACAGAUGGCCUGUU,hsa-mir-410-5p,0,2,3
CUGGACUUGGAGUCAGAAGGCC,hsa-mir-422b-5p,2,0,1
AGCUCGGUCUGAGGCCCCUCAG,hsa-mir-423-5p,4,0,0
CAGCAGCAAUUCAUGUUUUGAA,hsa-mir-424-5p,5,3,5
AUCGGGAAUGUCGUGUCCGCC,hsa-mir-425-5p,5,0,0
UAAUACUGUCUGGUAAAACCGU,hsa-mir-429-5p,4,9,6
UGGCAGUGUAUUGUUAGCUGGU,hsa-mir-449-5p,0,0,0
UUUUUGCGAUGUGUUCCUAAUA,hsa-mir-450-5p,0,1,0
AAACCGUUACCAUUACUGAGUUU,hsa-mir-451-5p,0,311,393
UGUUUGCAGAGGAAACUGAGAC,hsa-mir-452-5p,2,0,0
UGAAACAUACACGGGAAACCUCUU,hsa-mir-494-5p,0,0,1
AAACAAACAUGGUGCACUUCUUU,hsa-mir-495-5p,0,0,1
CAGCAGCACACUGUGGUUUGU,hsa-mir-497-5p,0,10,15
UUUCAAGCCAGGGGGCGUUUUUC,hsa-mir-498-5p,1,0,0
UUAAGACUUGCAGUGAUGUUUAA,hsa-mir-499-5p,0,0,0
AAUCCUUUGUCCCUGGGUGAGA,hsa-mir-501-5p,2,0,0
AUCCUUGCUAUCUGGGUGCUA,hsa-mir-502-5p,1,0,0
GUCAACACUUGCUGGUUUCCUC,hsa-mir-505-5p,2,0,0
UUUUGCACCUUUUGGAGUGAA,hsa-mir-507-5p,0,0,0
CACUCAGCCUUGAGGGCACUUUC,hsa-mir-512-1-5p,1,0,0
CACUCAGCCUUGAGGGCACUUUC,hsa-mir-512-2-5p,1,0,0
AUUGACACUUCUGUGAGUAG,hsa-mir-514-5p,0,0,0
AUCGUGCAUCCCUUUAGAGUGUU,hsa-mir-517a-5p,1,0,0
AUCGUGCAUCCUUUUAGAGUGU,hsa-mir-517c-5p,1,0,0
CAAAGCGCUCCCCUUUAGAGGU,hsa-mir-518b-5p,0,0,0
AAAGUGCUUCUCUUUGGUGGGUU,hsa-mir-520d-5p,0,0,0
ACAAAGUGCUUCCCUUUAGAGUGU,hsa-mir-520g-5p,0,0,0
ACAAAGUGCUUCCCUUUAGAGU,hsa-mir-520h-5p,0,0,0
AACGCACUUCCCUUUAGAGUGU,hsa-mir-521-5p,0,0,0
CUCCAGAGGGAUGCACUUUCU,hsa-mir-525-5p,1,0,0
UGGAAGACUAGUGAUUUUGUUG,hsa-mir-7-5p,1,0,1
UCUUUGGUUAUCUAGCUGUAUGA,hsa-mir-9-5p,10,1,0
UAUUGCACUUGUCCCGGCCUGU,hsa-mir-92a-5p,93,8,14
AAAGUGCUGUUCGUGCAGGUAG,hsa-mir-93-5p,28,9,3
UUCAACGGGUAUUUAUUGAGCA,hsa-mir-95-5p,0,2,5
UUUGGCACUAGCACAUUUUUGC,hsa-mir-96-5p,5,0,0
UGAGGUAGUAAGUUGUAUUGUU,hsa-mir-98-5p,0,2,1
AACCCGUAGAUCCGAUCUUGUG,hsa-mir-99a-5p,1,2,4
CACCCGUAGAACCGACCUUGCG,hsa-mir-99b-5p,3,4,8
